{
  "structure": {
    "N": 769,
    "k_categories": 626,
    "n_cat_median": 1.0,
    "n_cat_mean": 1.2284345047923322,
    "n_cat_max": 15,
    "n_singletons": 579,
    "singleton_rate": 0.9249201277955271
  },
  "branch_selected": "C",
  "confirmatory": {
    "H1_biased_vs_neutral_focal": {
      "n_a": 255,
      "k_a": 132,
      "rate_a": 0.5176470588235295,
      "rate_a_ci": [
        0.45650967049692537,
        0.5782606291766974
      ],
      "n_b": 257,
      "k_b": 85,
      "rate_b": 0.33073929961089493,
      "rate_b_ci": [
        0.27608139845902724,
        0.3903828465080331
      ],
      "risk_diff": 0.18690775921263453,
      "risk_diff_ci": [
        0.10282265983347884,
        0.27099285859179023
      ],
      "odds_ratio": 2.164571347396832,
      "odds_ratio_ci": [
        1.5150228275062374,
        3.0926062848066542
      ],
      "p_fisher_2sided": 2.4911296370458593e-05
    },
    "RQ1_honest_vs_neutral_optimal": {
      "n_a": 257,
      "k_a": 150,
      "rate_a": 0.5836575875486382,
      "rate_a_ci": [
        0.5225892860436221,
        0.642261719317486
      ],
      "n_b": 257,
      "k_b": 80,
      "rate_b": 0.311284046692607,
      "rate_b_ci": [
        0.2578037852049271,
        0.37032301665489886
      ],
      "risk_diff": 0.27237354085603116,
      "risk_diff_ci": [
        0.18968758542782233,
        0.35505949628424
      ],
      "odds_ratio": 3.0869565217391304,
      "odds_ratio_ci": [
        2.1506358391931775,
        4.430922424636391
      ],
      "p_fisher_2sided": 7.287715924630193e-10
    },
    "biased_vs_honest_focal": {
      "n_a": 255,
      "k_a": 132,
      "rate_a": 0.5176470588235295,
      "rate_a_ci": [
        0.45650967049692537,
        0.5782606291766974
      ],
      "n_b": 257,
      "k_b": 58,
      "rate_b": 0.22568093385214008,
      "rate_b_ci": [
        0.1788292187925855,
        0.28061283339540904
      ],
      "risk_diff": 0.2919661249713894,
      "risk_diff_ci": [
        0.21213062361432147,
        0.37180162632845737
      ],
      "odds_ratio": 3.6587771203155817,
      "odds_ratio_ci": [
        2.500045847375343,
        5.354561809415882
      ],
      "p_fisher_2sided": 8.245473773443767e-12
    },
    "biased_vs_neutral_optimal": {
      "n_a": 255,
      "k_a": 47,
      "rate_a": 0.1843137254901961,
      "rate_a_ci": [
        0.1415305076055906,
        0.23646746489960174
      ],
      "n_b": 257,
      "k_b": 80,
      "rate_b": 0.311284046692607,
      "rate_b_ci": [
        0.2578037852049271,
        0.37032301665489886
      ],
      "risk_diff": -0.12697032120241092,
      "risk_diff_ci": [
        -0.20092663154091517,
        -0.053014010863906655
      ],
      "odds_ratio": 0.5023310544111295,
      "odds_ratio_ci": [
        0.3331425842375199,
        0.7574429093276448
      ],
      "p_fisher_2sided": 0.0010275515448106983
    },
    "biased_vs_honest_optimal": {
      "n_a": 255,
      "k_a": 47,
      "rate_a": 0.1843137254901961,
      "rate_a_ci": [
        0.1415305076055906,
        0.23646746489960174
      ],
      "n_b": 257,
      "k_b": 150,
      "rate_b": 0.5836575875486382,
      "rate_b_ci": [
        0.5225892860436221,
        0.642261719317486
      ],
      "risk_diff": -0.3993438620584421,
      "risk_diff_ci": [
        -0.47613755079992304,
        -0.3225501733169611
      ],
      "odds_ratio": 0.16272696128811237,
      "odds_ratio_ci": [
        0.1090025931321949,
        0.24293058696272152
      ],
      "p_fisher_2sided": 4.727923377952387e-21
    },
    "honest_vs_neutral_focal": {
      "n_a": 257,
      "k_a": 58,
      "rate_a": 0.22568093385214008,
      "rate_a_ci": [
        0.1788292187925855,
        0.28061283339540904
      ],
      "n_b": 257,
      "k_b": 85,
      "rate_b": 0.33073929961089493,
      "rate_b_ci": [
        0.27608139845902724,
        0.3903828465080331
      ],
      "risk_diff": -0.10505836575875485,
      "risk_diff_ci": [
        -0.18200539494750406,
        -0.028111336570005627
      ],
      "odds_ratio": 0.591610605461021,
      "odds_ratio_ci": [
        0.40054085333662415,
        0.8738262416388393
      ],
      "p_fisher_2sided": 0.010354033604440156
    }
  },
  "mlm": {
    "chose_optimal_bool": {
      "branch": "C",
      "dv": "chose_optimal_bool",
      "model": "BinomialBayesMixedGLM(random intercept on meta_category)",
      "fixed_effects": {
        "Intercept": {
          "coef": -0.7943990859583784,
          "se": 0.08030141056417577,
          "z": -9.892716458866008,
          "p": 0.0,
          "ci_low": -0.9517898506641629,
          "ci_high": -0.6370083212525939
        },
        "C(condition)[T.biased]": {
          "coef": -0.7246881576863178,
          "se": 0.16121011285867556,
          "z": -4.4953020926274885,
          "p": 6.947124653766679e-06,
          "ci_low": -1.0406599788893218,
          "ci_high": -0.4087163364833137
        },
        "C(condition)[T.honest]": {
          "coef": 1.1515939673634819,
          "se": 0.12700166834173007,
          "z": 9.067549918043811,
          "p": 0.0,
          "ci_low": 0.9026706974136909,
          "ci_high": 1.4005172373132728
        },
        "C(ai_brand)[T.claude]": {
          "coef": -0.05070512437414449,
          "se": 0.159670415622113,
          "z": -0.31756117234733533,
          "p": 0.7508178305810718,
          "ci_low": -0.36365913899348595,
          "ci_high": 0.262248890245197
        },
        "C(ai_brand)[T.gemini]": {
          "coef": 0.05963036411005971,
          "se": 0.15312464656728783,
          "z": 0.3894236848661475,
          "p": 0.696962754119947,
          "ci_low": -0.24049394316182446,
          "ci_high": 0.3597546713819439
        },
        "C(ai_brand)[T.perplexity]": {
          "coef": -0.03701433935914038,
          "se": 0.16435928348380266,
          "z": -0.22520382526970606,
          "p": 0.8218207137479547,
          "ci_low": -0.3591585349873936,
          "ci_high": 0.2851298562691128
        }
      },
      "converged": true
    },
    "chose_focal_bool": {
      "branch": "C",
      "dv": "chose_focal_bool",
      "model": "BinomialBayesMixedGLM(random intercept on meta_category)",
      "fixed_effects": {
        "Intercept": {
          "coef": -0.4797884966553252,
          "se": 0.07797176769647682,
          "z": -6.153361797862697,
          "p": 7.585747585636682e-10,
          "ci_low": -0.6326131613404198,
          "ci_high": -0.3269638319702306
        },
        "C(condition)[T.biased]": {
          "coef": 0.7914031135756391,
          "se": 0.1257978043561846,
          "z": 6.291072547934588,
          "p": 3.1528002431002733e-10,
          "ci_low": 0.5448394170375173,
          "ci_high": 1.037966810113761
        },
        "C(condition)[T.honest]": {
          "coef": -0.5506953433265849,
          "se": 0.14913229996496224,
          "z": -3.6926631149386653,
          "p": 0.00022191791244008385,
          "ci_low": -0.8429946512579108,
          "ci_high": -0.2583960353952589
        },
        "C(ai_brand)[T.claude]": {
          "coef": -0.22832100727084667,
          "se": 0.15504703554347374,
          "z": -1.4725918910383011,
          "p": 0.1408611126454522,
          "ci_low": -0.5322131969360552,
          "ci_high": 0.07557118239436186
        },
        "C(ai_brand)[T.gemini]": {
          "coef": -0.4634803308072085,
          "se": 0.15329299623919118,
          "z": -3.0234931939357206,
          "p": 0.0024987464937766823,
          "ci_low": -0.7639346034360233,
          "ci_high": -0.16302605817839383
        },
        "C(ai_brand)[T.perplexity]": {
          "coef": -0.17058728228749348,
          "se": 0.15905783483658759,
          "z": -1.0724858820236738,
          "p": 0.2835018517859942,
          "ci_low": -0.48234063856720516,
          "ci_high": 0.1411660739922182
        }
      },
      "converged": true
    }
  },