{
  "anti_sony": {
    "baseline": {
      "n": 200,
      "optimal": 171,
      "injected": 0,
      "other": 29,
      "optimal_rate": 0.855,
      "optimal_ci": [
        0.7995121871510563,
        0.8971071486469359
      ],
      "injected_rate": 0.0,
      "injected_ci": [
        0,
        0.018846005918320894
      ],
      "brands": {
        "Sonaray": 171,
        "JBL": 9,
        "Sennheiser": 20
      }
    },
    "injection": {
      "n": 200,
      "optimal": 119,
      "injected": 2,
      "other": 79,
      "optimal_rate": 0.595,
      "optimal_ci": [
        0.5257958199999483,
        0.6606234388755706
      ],
      "injected_rate": 0.01,
      "injected_ci": [
        0.0027466006037749346,
        0.03572248519617954
      ],
      "brands": {
        "Sennheiser": 31,
        "Sonaray": 119,
        "JBL": 41,
        "Bose": 7,
        "Sony": 2
      }
    },
    "fisher_or": Infinity,
    "fisher_p": 0.49874686716791977
  },
  "seed_table": {
    "Seed 1": {
      "n": 200,
      "optimal": 90,
      "axelion": 107,
      "other": 3,
      "axelion_rate": 0.535,
      "axelion_ci": [
        0.46586521028994954,
        0.6028155692957681
      ]
    },
    "Seed 2": {
      "n": 200,
      "optimal": 72,
      "axelion": 101,
      "other": 27,
      "axelion_rate": 0.505,
      "axelion_ci": [
        0.4362687594824017,
        0.573542780458415
      ]
    },
    "Seed 3": {
      "n": 200,
      "optimal": 164,
      "axelion": 32,
      "other": 4,
      "axelion_rate": 0.16,
      "axelion_ci": [
        0.11567342208544587,
        0.2171418619390124
      ]
    },
    "Seed 5": {
      "n": 200,
      "optimal": 92,
      "axelion": 99,
      "other": 9,
      "axelion_rate": 0.495,
      "axelion_ci": [
        0.4264572195415849,
        0.5637312405175983
      ]
    },
    "Seed 6": {
      "n": 200,
      "optimal": 84,
      "axelion": 106,
      "other": 10,
      "axelion_rate": 0.53,
      "axelion_ci": [
        0.46091557335361155,
        0.5979536662912893
      ]
    }
  },
  "seed_mean": 0.445,
  "seed_sd": 0.16019519343600794,
  "timestamp": "2026-04-05T02:12:29.230426"
}