{
  "mistral-7b-base": {
    "valid": 123,
    "optimal": 34,
    "nonopt_rate": 0.7235772357723578
  },
  "gemma-4-e4b-base": {
    "valid": 73,
    "optimal": 24,
    "nonopt_rate": 0.6712328767123288
  },
  "mistral-7b-instruct": {
    "valid": 170,
    "optimal": 77,
    "nonopt_rate": 0.5470588235294118
  },
  "gemma-4-e4b-instruct": {
    "valid": 170,
    "optimal": 136,
    "nonopt_rate": 0.19999999999999996
  }
}