{
  "gpt-4.1-mini": {
    "0.0": {
      "n": 340,
      "non_optimal": 54,
      "rate": 0.1588235294117647
    },
    "0.3": {
      "n": 340,
      "non_optimal": 58,
      "rate": 0.17058823529411765
    },
    "0.7": {
      "n": 340,
      "non_optimal": 57,
      "rate": 0.1676470588235294
    },
    "1.0": {
      "n": 340,
      "non_optimal": 56,
      "rate": 0.16470588235294117
    }
  },
  "gpt-4.1-nano": {
    "0.0": {
      "n": 340,
      "non_optimal": 77,
      "rate": 0.22647058823529412
    },
    "0.3": {
      "n": 340,
      "non_optimal": 76,
      "rate": 0.2235294117647059
    },
    "0.7": {
      "n": 340,
      "non_optimal": 80,
      "rate": 0.23529411764705882
    },
    "1.0": {
      "n": 340,
      "non_optimal": 79,
      "rate": 0.2323529411764706
    }
  },
  "gpt-4o-mini": {
    "0.0": {
      "n": 340,
      "non_optimal": 112,
      "rate": 0.32941176470588235
    },
    "0.3": {
      "n": 340,
      "non_optimal": 112,
      "rate": 0.32941176470588235
    },
    "0.7": {
      "n": 340,
      "non_optimal": 116,
      "rate": 0.3411764705882353
    },
    "1.0": {
      "n": 340,
      "non_optimal": 115,
      "rate": 0.3382352941176471
    }
  }
}