{
  "Qwen/Qwen2.5-7B-Instruct": {
    "model_id": "Qwen/Qwen2.5-7B-Instruct",
    "num_layers": 28,
    "hidden_dim": 3584,
    "target_layers": [
      0,
      4,
      8,
      12,
      16,
      20,
      24,
      27
    ],
    "n_assortments": 34,
    "n_trials_per_assortment": 6,
    "n_trials_total": 204,
    "n_optimal": 85,
    "n_non_optimal": 119,
    "optimal_rate": 0.4166666666666667,
    "non_optimal_rate": 0.5833333333333334,
    "probe_results": {
      "target_layers": [
        0,
        4,
        8,
        12,
        16,
        20,
        24,
        27
      ],
      "binary_accuracy_per_layer": [
        0.7150000000000001,
        0.7503658536585366,
        0.8185365853658537,
        0.8232926829268294,
        0.8379268292682926,
        0.8231707317073169,
        0.8232926829268292,
        0.838048780487805
      ],
      "brand_fam_accuracy_per_layer": [
        0.7746341463414634,
        0.8137804878048781,
        0.8286585365853657,
        0.7945121951219513,
        0.7941463414634147,
        0.8529268292682927,
        0.8678048780487805,
        0.8970731707317073
      ],
      "brand_accuracy_per_layer": [
        0.049019607843137254,
        0.049019607843137254,
        0.049019607843137254,
        0.049019607843137254,
        0.049019607843137254,
        0.049019607843137254,
        0.049019607843137254,
        0.049019607843137254
      ],
      "category_accuracy_per_layer": [
        1.0,
        1.0,
        1.0,
        1.0,
        1.0,
        0.9559756097560974,
        0.9706097560975608,
        0.9852439024390243
      ]
    },
    "peak_binary": {
      "layer": 27,
      "accuracy": 0.838048780487805,
      "chance": 0.5833333333333333,
      "above_chance": 0.2547154471544717
    },
    "peak_brand_familiarity": {
      "layer": 27,
      "accuracy": 0.8970731707317073,
      "chance": 0.7058823529411764,
      "above_chance": 0.19119081779053093
    },
    "peak_brand": {
      "layer": 0,
      "accuracy": 0.049019607843137254,
      "chance": 0.049019607843137254,
      "above_chance": 0.0
    },
    "chance_baselines": {
      "binary": 0.5833333333333333,
      "brand_familiarity": 0.7058823529411764,
      "brand": 0.049019607843137254,
      "category": 0.08823529411764706
    },
    "unique_brands_chosen": [
      "ASICS",
      "ASUS",
      "Acer",
      "Adidas",
      "AeroPress",
      "Amazon",
      "Arcwave",
      "Audio-Technica",
      "Auralis",
      "Aurem",
      "Beats",
      "Beyerdynamic",
      "Blendwell",
      "Brevara",
      "Chronex",
      "Cuisinart",
      "De'Longhi",
      "Dell",
      "Dentara",
      "Ethicom",
      "Fitbit",
      "Fujifilm",
      "Google",
      "HOKA",
      "HP",
      "Herschel",
      "Hydro Flask",
      "HyperX",
      "Insignia",
      "JBL",
      "JanSport",
      "Keystrike",
      "LG",
      "Lenovo",
      "Lumivue",
      "Motorola",
      "Mr. Coffee",
      "Netgear",
      "Netweave",
      "Nike",
      "Ninja",
      "Novatech",
      "OnePlus",
      "Optivex",
      "Portabrew",
      "Presswell",
      "Primebook",
      "Salomon",
      "Samsung",
      "Shark",
      "Shokz",
      "Sonance",
      "Sonaray",
      "Sonique",
      "Sony",
      "Stridewell",
      "Swiftform",
      "The North Face",
      "Thermalux",
      "Trailpeak",
      "Vaultdrive",
      "Veridian",
      "Vistara",
      "Vizio",
      "Vynex",
      "Wavecrest"
    ],
    "n_unique_brands": 66,
    "brand_distribution": {
      "ASICS": 2,
      "ASUS": 5,
      "Acer": 5,
      "Adidas": 1,
      "AeroPress": 5,
      "Amazon": 2,
      "Arcwave": 1,
      "Audio-Technica": 1,
      "Auralis": 6,
      "Aurem": 1,
      "Beats": 2,
      "Beyerdynamic": 4,
      "Blendwell": 5,
      "Brevara": 2,
      "Chronex": 5,
      "Cuisinart": 2,
      "De'Longhi": 2,
      "Dell": 1,
      "Dentara": 6,
      "Ethicom": 2,
      "Fitbit": 1,
      "Fujifilm": 1,
      "Google": 6,
      "HOKA": 2,
      "HP": 4,
      "Herschel": 1,
      "Hydro Flask": 3,
      "HyperX": 4,
      "Insignia": 4,
      "JBL": 8,
      "JanSport": 2,
      "Keystrike": 2,
      "LG": 4,
      "Lenovo": 4,
      "Lumivue": 2,
      "Motorola": 1,
      "Mr. Coffee": 2,
      "Netgear": 1,
      "Netweave": 4,
      "Nike": 4,
      "Ninja": 1,
      "Novatech": 3,
      "OnePlus": 2,
      "Optivex": 2,
      "Portabrew": 1,
      "Presswell": 4,
      "Primebook": 1,
      "Salomon": 1,
      "Samsung": 10,
      "Shark": 6,
      "Shokz": 2,
      "Sonance": 1,
      "Sonaray": 5,
      "Sonique": 1,
      "Sony": 7,
      "Stridewell": 2,
      "Swiftform": 6,
      "The North Face": 2,
      "Thermalux": 3,
      "Trailpeak": 1,
      "Vaultdrive": 6,
      "Veridian": 3,
      "Vistara": 6,
      "Vizio": 3,
      "Vynex": 1,
      "Wavecrest": 4
    },
    "timing": {
      "model_load_s": 86.76535558700562,
      "extraction_s": 44.55362105369568,
      "total_s": 139.6962652206421
    },
    "timestamp": "2026-04-05T01:56:28.229089"
  }
}